,tag,count,filter_tag
0,宽容和包容,3,
1,忠诚与正义,1,
2,家族矛盾,1,
3,反腐斗争,8,反腐斗争
4,人与自然的关系,22,
5,逃脱险境,2,
6,身份追寻,8,身份追寻
7,人性善恶,1,
8,自我成长与挑战,5,
9,成长痛苦,1,
10,挑战传统观念,9,挑战传统观念
11,自卑与自信,1,
12,探险,1,
13,忠诚,1,
14,欢乐与哀伤,1,
15,勇敢抵抗,1,
16,守护与捍卫,3,
17,友情与牺牲,2,
18,友情,40,友情
19,身份迷失,9,身份迷失
20,家庭秘密,16,家庭秘密
21,生存与抵抗,1,
22,人工智能,8,人工智能
23,友谊与背叛,37,友谊与背叛
24,环保意识,20,环保意识
25,魔法与超自然,1,
26,职业道德,37,职业道德
27,信任和背叛,83,信任和背叛
28,神秘氛围,17,神秘氛围
29,人性的阴暗面,1,
30,生死与和平,88,生死与和平
31,爱情与选择,85,爱情与选择
32,情绪管理,1,
33,贪婪与道德,8,贪婪与道德
34,民族荣誉,14,民族荣誉
35,友谊,67,友谊
36,社会现象,1,
37,爱心与关怀,3,
38,多元宇宙,3,
39,自由与救赎,3,
40,喜剧式励志,7,喜剧式励志
41,正义与抗争,1,
42,传奇人物,1,
43,友情与团结,5,
44,音乐文化,1,
45,机器人格斗,2,
46,友谊与支持,1,
47,幽默调和,1,
48,人与自然和谐共处,1,
49,奇幻世界,11,奇幻世界
50,敌对与和解,24,敌对与和解
51,时空错位,6,时空错位
52,敌我难辨,2,
53,歌舞与民间艺术,1,
54,信任与诚实,37,信任与诚实
55,恐怖元素,2,
56,降龙降世,1,
57,误入江湖,2,
58,军事战略,3,
59,妖怪与人类关系,1,
60,家庭友好,13,家庭友好
61,人性的挣扎,23,人性的挣扎
62,逆境成长,5,
63,穿越星际,1,
64,江湖武侠,30,江湖武侠
65,恩怨情仇,14,恩怨情仇
66,时空轮回与改变命运,1,
67,民间故事,1,
68,女性力量与平等,29,
69,人与怪兽的界限,6,
70,未来预言,1,
71,搞笑,7,搞笑
72,恶灵附身,4,
73,自信,8,自信
74,正义与法律,16,正义与法律
75,勇气和决心,2,
76,探险精神,55,探险精神
77,和解与成长,1,
78,自然与生存,1,
79,神秘力量,10,神秘力量
80,道德与法律,1,
81,农村与城市的差异,1,
82,正义与罪恶,27,正义与罪恶
83,回归自然,1,
84,探案与智慧,1,
85,挑战与克服困难,2,
86,变身与适应,1,
87,正邪交锋,1,
88,惊悚氛围,18,惊悚氛围
89,传说与神话,1,
90,汽车文化,5,
91,文化传承,30,文化传承
92,忍耐与智慧,12,忍耐与智慧
93,友情与成长,54,友情与成长
94,遗忘与寻找真相,2,
95,时间错乱,5,
96,隐藏的宝藏,1,
97,忠诚与背叛,38,忠诚与背叛
98,冒险与探险,1,
99,童趣与欢乐,6,童趣与欢乐
100,欺诈与道德,1,
101,冒险,2,
102,历史事件,2,
103,个人成长与自我救赎,13,
104,邪恶与正义,2,
105,励志故事,1,
106,犯罪与正义,1,
107,古镇传说,3,
108,恐怖与惊悚,11,恐怖与惊悚
109,爱情与友谊,17,爱情与友谊
110,社会问题,3,
111,忠诚与承诺,83,忠诚与承诺
112,传递爱心,1,
113,法律伦理,1,
114,心理与健康,10,心理与健康
115,黑暗幽默,3,
116,领导与责任,1,
117,爱与亲情,1,
118,友情与竞争,2,
119,诚实与信任,83,诚实与信任
120,悬疑与探索,1,
121,警察与侦探,46,警察与侦探
122,团队合作,186,团队合作
123,悬疑氛围,1,
124,教育,10,教育
125,搞笑元素,1,
126,金钱欲望,1,
127,恐怖与挑战,14,恐怖与挑战
128,古墓探险,3,
129,自我成长,20,自我成长
130,控制与解脱,1,
131,人类与生化病毒的关系,1,
132,节日与文化,1,
133,国家荣誉与使命,18,
134,命运与抗争,3,
135,民间信仰,7,民间信仰
136,家族纷争与和解,2,
137,宇宙间的战争,1,
138,反叛与救赎,1,
139,生存挑战,70,生存挑战
140,父爱,1,
141,道歉与原谅,1,
142,牺牲奉献,86,牺牲奉献
143,夫妻关系,1,
144,艺术与音乐,1,
145,侦探推理,1,
146,人妖之间,4,
147,自我成长与发现,9,
148,法律与正义,9,法律与正义
149,智慧与谜题,2,
150,家庭支持与励志,19,
151,抗日救国,1,
152,黑暗势力与正义,5,
153,诅咒与解除,4,
154,中国文化,1,
155,探索真相,1,
156,财富与价值观,1,
157,家国荣誉,2,
158,机器人与人类冲突,1,
159,历史与文明,20,历史与文明
160,海盗文化,1,
161,邻里关系,1,
162,梦境与现实,4,
163,自然与环境保护,11,
164,家庭和睦,2,
165,支持和鼓励,5,
166,探索与冒险,60,探索与冒险
167,选择与责任,16,选择与责任
168,宝藏寻找,4,
169,选择与后果,12,选择与后果
170,音乐与情感,7,音乐与情感
171,勇气与挑战,1,
172,技术与未来,68,技术与未来
173,挫折与挑战,1,
174,宗教与罪恶,1,
175,毅力与坚持,1,
176,爱情与牺牲,2,
177,公益与救助,1,
178,悬疑与谜题,12,悬疑与谜题
179,保护家园,10,保护家园
180,励志,2,
181,追击与逃亡,1,
182,技术与道德,1,
183,民间传说与传统文化,21,
184,团结与支持,41,团结与支持
185,恶搞与搞笑,21,恶搞与搞笑
186,权力斗争,10,权力斗争
187,自然美景,1,
188,勇气与信念,1,
189,生活与选择,10,生活与选择
190,梦想与奋斗,1,
191,魔法世界,6,魔法世界
192,自信与成长,1,
193,自由与反叛,1,
194,武术传承,9,武术传承
195,艰苦环境,2,
196,自我接受,6,自我接受
197,动物主题,4,
198,黑暗与光明,1,
199,暴力与救赎,1,
200,心灵成长,2,
201,神秘与恐怖,19,神秘与恐怖
202,母女关系,2,
203,自我发现与成长,2,
204,校园生活,1,
205,逆袭与改变,1,
206,亲子关系,2,
207,政治与权力,44,政治与权力
208,坚定信念,21,坚定信念
209,人际关系,2,
210,战胜恐惧,3,
211,官场腐败,1,
212,恶与善的较量,1,
213,科学探险,2,
214,乐观与积极,1,
215,民族抗战与团结,3,
216,生命与死亡,6,生命与死亡
217,笑料百出,5,
218,灵异现象,21,灵异现象
219,自我发现,175,自我发现
220,人类潜能,12,人类潜能
221,人类与生化危机的抗争,6,
222,儿童与成长,22,儿童与成长
223,超自然现象,3,
224,犯罪与智慧,1,
225,警匪对决,1,
226,人性与道德,4,
227,记忆与现实,2,
228,诚实和开放,2,
229,生死与牺牲,1,
230,笑料,1,
231,英雄责任,1,
232,阴谋与权谋,8,阴谋与权谋
233,真实事件改编,3,
234,正义与勇敢,1,
235,居住环境,1,
236,企业抢夺战,1,
237,信任与欺骗,1,
238,童年回忆,2,
239,外星人与地球人的友谊,1,
240,父子/父女关系,24,
241,挑战与胜利,1,
242,家庭与亲情,2,
243,探险与挑战,10,探险与挑战
244,感情纠葛,4,
245,士兵心理,1,
246,生物突变,9,生物突变
247,乐观向上,15,乐观向上
248,国际大案,1,
249,失忆,1,
250,正义与犯罪,1,
251,姐妹情谊,3,
252,民族自尊,54,民族自尊
253,灵魂互换,1,
254,正义与冤屈,1,
255,社会平等,3,
256,梦想与挑战,1,
257,人与自然,68,人与自然
258,反恐精英,3,
259,生死抉择与奋斗,120,
260,舆论压力,1,
261,时间观念,1,
262,勇气和决断,1,
263,跨国重逢,2,
264,惩罚与救赎,1,
265,人类与外星生物交流,4,
266,创新与反传统,11,创新与反传统
267,信仰与迷信,1,
268,宝物争夺,1,
269,病毒爆发,1,
270,成功与失败,1,
271,恐怖与神秘,1,
272,班庄·比辛达拿刚的导演风格,1,
273,物理与科学,1,
274,生活与爱情,2,
275,能源危机,1,
276,希望与坚持,15,希望与坚持
277,父女关系,16,父女关系
278,传统与创新,12,传统与创新
279,苦难与抗争,1,
280,梦想与努力,1,
281,亲情与责任,1,
282,军事行动,12,军事行动
283,逆境与挑战,1,
284,危机应对,3,
285,反恐任务,8,反恐任务
286,反腐倡廉,1,
287,持之以恒,8,持之以恒
288,航空事业,1,
289,青春与成长,19,青春与成长
290,成长,4,
291,黑暗世界,12,黑暗世界
292,勇敢面对,80,勇敢面对
293,爱情,12,爱情
294,恐怖氛围,3,
295,家庭团圆,46,家庭团圆
296,沟通与理解,1,
297,珍惜生命,1,
298,友情与合作,3,
299,阴阳先生,1,
300,师徒关系,16,师徒关系
301,英勇无畏,1,
302,奇门遁甲,1,
303,正义与责任,1,
304,道教主题,1,
305,民族文化,1,
306,忠诚与团结,48,忠诚与团结
307,儿童权益,1,
308,爱情与抉择,1,
309,勇气与决心,320,勇气与决心
310,黑帮与善恶较量,37,
311,谋杀与调查,1,
312,救赎,1,
313,正义与邪恶,34,正义与邪恶
314,英雄与救赎,5,
315,音乐与舞蹈,1,
316,济公,1,
317,宗教信仰,3,
318,道义与背叛,10,道义与背叛
319,欲望与道德,1,
320,神秘与魔法,1,
321,面对困境与挑战,68,
322,探险与冒险,51,探险与冒险
323,病毒传播,1,
324,忍耐与坚持,1,
325,身份对调,2,
326,爱与自由,2,
327,教育改革,1,
328,勇气与决断,34,勇气与决断
329,恐怖传说,8,恐怖传说
330,面对过去,1,
331,社会和谐,1,
332,人与机器的斗争,1,
333,社会底层,3,
334,友谊与团队精神,2,
335,家庭矛盾与和解,36,
336,家庭破裂与重建,1,
337,家族恩怨,22,家族恩怨
338,亲情与牺牲,1,
339,黑帮与道义,1,
340,法术与传说,9,法术与传说
341,忠诚与团队合作,145,
342,人类与机器人的关系,7,
343,历史传说,1,
344,动物与人类和谐共处,12,
345,婚姻危机,1,
346,适应与融入,7,适应与融入
347,竞争与合作,8,竞争与合作
348,执着与放手,1,
349,调查与解谜,1,
350,英雄与决策,2,
351,谜团解开,3,
352,重拾信任,2,
353,战胜恶势力,2,
354,真相与谎言,81,真相与谎言
355,环境保护与生存挑战,2,
356,爱国主义,50,爱国主义
357,恩怨纠缠,1,
358,内心世界,1,
359,勇气,1,
360,诚实守信,1,
361,时间与回忆,1,
362,勇气和决定,4,
363,防范犯罪,1,
364,语言与交流,1,
365,惩恶扬善,5,
366,信任与背信,1,
367,背叛与报复,4,
368,责任与力量,15,责任与力量
369,团队协作,1,
370,社交网络,1,
371,革命斗争,1,
372,爱情与背叛,1,
373,虚拟现实,3,
374,人机合作,4,
375,家庭,1,
376,人性与欲望,2,
377,困境与挑戰,1,
378,家庭团聚,1,
379,英雄与恶人,1,
380,魔法与传说,32,魔法与传说
381,奉献和牺牲,2,
382,团结与信念,1,
383,善恶抉择,1,
384,复仇与救赎,51,复仇与救赎
385,信念与勇气,1,
386,犯罪与黑帮,99,犯罪与黑帮
387,武侠精神,10,武侠精神
388,身份错置,2,
389,黑暗喜剧,3,
390,人类与魔法生物的冲突,6,
391,间谍活动,3,
392,爱国情怀,16,爱国情怀
393,兄弟关系,2,
394,友情与信任,61,友情与信任
395,运动精神,5,
396,信仰与选择,3,
397,战斗与成长,7,战斗与成长
398,种族歧视与平等,2,
399,成长与蜕变,1,
400,敌友关系,26,敌友关系
401,宿命与选择,7,宿命与选择
402,英雄成长,2,
403,勇敢与冒险,6,勇敢与冒险
404,超能力,4,
405,亲情与关怀,7,亲情与关怀
406,爱与牺牲,57,爱与牺牲
407,非亲生家庭关系,7,
408,勇气与冒险,124,勇气与冒险
409,亲情疏远与和解,9,
410,阴阳冲突,12,阴阳冲突
411,文明与野蛮,1,
412,九宫八卦,2,
413,回忆与挽回,1,
414,阳光与正能量,1,
415,接受和包容,9,接受和包容
416,网络安全,1,
417,生活困境,2,
418,爱国与敌人斗争,1,
419,战斗与生存,36,战斗与生存
420,社会责任与关爱,4,
421,死亡审判,1,
422,乡村文化,1,
423,道德与选择,2,
424,军事题材,1,
425,政治阴谋,1,
426,信任,1,
